model_name,config,processed_tokens,max_cache_tokens,log_ppl,perplexity,next_token_accuracy,cache_mb,memory_saved_mb,memory_saved_percent,elapsed_seconds
Qwen/Qwen2.5-3B-Instruct,no_compression,512,2000,2.153732303529978,8.616959562860703,0.576171875,18.0,0.0,0.0,4.072214184999893
Qwen/Qwen2.5-3B-Instruct,no_compression,1024,2000,1.8791062338277698,6.547650177984858,0.6162109375,36.0,0.0,0.0,7.262545516000046
Qwen/Qwen2.5-3B-Instruct,no_compression,1536,2000,1.8087242900704343,6.102657243834072,0.6263020833333334,54.0,0.0,0.0,10.564683953999975
Qwen/Qwen2.5-3B-Instruct,no_compression,2048,2000,1.9263983152341098,6.86474102972204,0.58984375,72.0,0.0,0.0,13.97326849000001
Qwen/Qwen2.5-3B-Instruct,no_compression,2560,2000,1.945465693436563,6.996889501959118,0.577734375,90.0,0.0,0.0,17.512092517999918
Qwen/Qwen2.5-3B-Instruct,no_compression,3072,2000,1.9962066379375756,7.361079829454739,0.5654296875,108.0,0.0,0.0,21.17398025600005
Qwen/Qwen2.5-3B-Instruct,no_compression,3584,2000,2.024084928179426,7.569181429987198,0.5532924107142857,126.0,0.0,0.0,24.947910539000077
Qwen/Qwen2.5-3B-Instruct,no_compression,4096,2000,2.0560324931284413,7.814902541735525,0.546875,144.0,0.0,0.0,28.834836245999895
Qwen/Qwen2.5-3B-Instruct,no_compression,4608,2000,2.1059937248420386,8.215262665292434,0.5418836805555556,162.0,0.0,0.0,32.837256471000046
Qwen/Qwen2.5-3B-Instruct,no_compression,5120,2000,2.147137979697436,8.560323484606931,0.53125,180.0,0.0,0.0,36.960260141999925
Qwen/Qwen2.5-3B-Instruct,no_compression,5632,2000,2.147796013392508,8.565958319652855,0.5308948863636364,198.0,0.0,0.0,41.2032852750001
Qwen/Qwen2.5-3B-Instruct,no_compression,6144,2000,2.1538142924352237,8.61766608690498,0.53076171875,216.0,0.0,0.0,45.56806745099993
Qwen/Qwen2.5-3B-Instruct,no_compression,6656,2000,2.177039901439387,8.8201590385643,0.5268930288461539,234.0,0.0,0.0,50.05877743700012
Qwen/Qwen2.5-3B-Instruct,no_compression,7168,2000,2.168957789228963,8.749160817764205,0.5283203125,252.0,0.0,0.0,54.684664916999964
Qwen/Qwen2.5-3B-Instruct,no_compression,7680,2000,2.155445474634568,8.631734541412722,0.53125,270.0,0.0,0.0,59.45483438700012
Qwen/Qwen2.5-3B-Instruct,no_compression,8192,2000,2.166270871879533,8.725684099894504,0.529541015625,288.0,0.0,0.0,64.3879941539999
Qwen/Qwen2.5-3B-Instruct,low_l2,512,2000,2.153732303529978,8.616959562860703,0.576171875,18.0,0.0,0.0,3.2106378789999326
Qwen/Qwen2.5-3B-Instruct,low_l2,1024,2000,1.8791062338277698,6.547650177984858,0.6162109375,36.0,0.0,0.0,6.531213160999869
Qwen/Qwen2.5-3B-Instruct,low_l2,1536,2000,1.8087242900704343,6.102657243834072,0.6263020833333334,54.0,0.0,0.0,9.971518049999986
Qwen/Qwen2.5-3B-Instruct,low_l2,2048,2000,1.9262758388649672,6.863900312650654,0.59033203125,70.3125,1.6875,2.34375,13.661425372999929
Qwen/Qwen2.5-3B-Instruct,low_l2,2560,2000,1.9502435019239783,7.030399287931767,0.576171875,70.3125,19.6875,21.875,17.355061561999946
Qwen/Qwen2.5-3B-Instruct,low_l2,3072,2000,2.010187224019319,7.464714790403785,0.560546875,70.3125,37.6875,34.895833333333336,21.055565791999925
Qwen/Qwen2.5-3B-Instruct,low_l2,3584,2000,2.0591253833845258,7.83911059478702,0.5446428571428571,70.3125,55.6875,44.19642857142857,24.77550657300003
Qwen/Qwen2.5-3B-Instruct,low_l2,4096,2000,2.106182382791303,8.216812686106813,0.5390625,70.3125,73.6875,51.171875,28.506382510999856
Qwen/Qwen2.5-3B-Instruct,low_l2,4608,2000,2.181287632530762,8.857704387162343,0.5288628472222222,70.3125,91.6875,56.59722222222222,32.241297011999904
Qwen/Qwen2.5-3B-Instruct,low_l2,5120,2000,2.238976341765374,9.38372064636499,0.515625,70.3125,109.6875,60.9375,35.9915988109999
Qwen/Qwen2.5-3B-Instruct,low_l2,5632,2000,2.2600939642129974,9.583989676503199,0.5126065340909091,70.3125,127.6875,64.48863636363636,39.7628795359999
Qwen/Qwen2.5-3B-Instruct,low_l2,6144,2000,2.2932469300770513,9.907053023259461,0.5084635416666666,70.3125,145.6875,67.44791666666667,43.53461739499994
Qwen/Qwen2.5-3B-Instruct,low_l2,6656,2000,2.3405928184063387,10.387392575365302,0.5015024038461539,70.3125,163.6875,69.95192307692308,47.332673688999876
Qwen/Qwen2.5-3B-Instruct,low_l2,7168,2000,2.352346681257976,10.510204908836895,0.4990234375,70.3125,181.6875,72.09821428571428,51.13315977299999
Qwen/Qwen2.5-3B-Instruct,low_l2,7680,2000,2.376303260711332,10.765033693372466,0.496484375,70.3125,199.6875,73.95833333333333,54.96195937599987
Qwen/Qwen2.5-3B-Instruct,low_l2,8192,2000,2.4005293223890476,11.029012739219658,0.4920654296875,70.3125,217.6875,75.5859375,58.80103086600002
Qwen/Qwen2.5-3B-Instruct,keydiff,512,2000,2.153732303529978,8.616959562860703,0.576171875,18.0,0.0,0.0,3.381846921999795
Qwen/Qwen2.5-3B-Instruct,keydiff,1024,2000,1.8791062338277698,6.547650177984858,0.6162109375,36.0,0.0,0.0,6.884211825999955
Qwen/Qwen2.5-3B-Instruct,keydiff,1536,2000,1.8087242900704343,6.102657243834072,0.6263020833333334,54.0,0.0,0.0,10.517080428999861
Qwen/Qwen2.5-3B-Instruct,keydiff,2048,2000,1.9261658086907119,6.86314511805104,0.58984375,70.3125,1.6875,2.34375,14.388649764999855
Qwen/Qwen2.5-3B-Instruct,keydiff,2560,2000,1.9471940210089087,7.008992875290085,0.5765625,70.3125,19.6875,21.875,18.40150212499998
Qwen/Qwen2.5-3B-Instruct,keydiff,3072,2000,2.001604859251529,7.400924014590984,0.5625,70.3125,37.6875,34.895833333333336,22.444457376999935
Qwen/Qwen2.5-3B-Instruct,keydiff,3584,2000,2.039881229799773,7.689695837925684,0.548828125,70.3125,55.6875,44.19642857142857,26.48910579199992
Qwen/Qwen2.5-3B-Instruct,keydiff,4096,2000,2.0798078993102536,8.002931397980563,0.54296875,70.3125,73.6875,51.171875,30.54147035899996
Qwen/Qwen2.5-3B-Instruct,keydiff,4608,2000,2.14116989603887,8.509386905975944,0.5366753472222222,70.3125,91.6875,56.59722222222222,34.59180130799996
Qwen/Qwen2.5-3B-Instruct,keydiff,5120,2000,2.190049265604466,8.935653324217382,0.525,70.3125,109.6875,60.9375,38.639776444999825
Qwen/Qwen2.5-3B-Instruct,keydiff,5632,2000,2.203798865306784,9.05936351434051,0.521484375,70.3125,127.6875,64.48863636363636,42.66625248499986
Qwen/Qwen2.5-3B-Instruct,keydiff,6144,2000,2.2182320774688074,9.191067398703366,0.5201822916666666,70.3125,145.6875,67.44791666666667,46.670080495999855
Qwen/Qwen2.5-3B-Instruct,keydiff,6656,2000,2.2500071625153604,9.487803792655557,0.5151742788461539,70.3125,163.6875,69.95192307692308,50.65264152199984
Qwen/Qwen2.5-3B-Instruct,keydiff,7168,2000,2.242812368686178,9.419785980953531,0.5170200892857143,70.3125,181.6875,72.09821428571428,54.61056676499993
Qwen/Qwen2.5-3B-Instruct,keydiff,7680,2000,2.235731383350988,9.353320213840739,0.519140625,70.3125,199.6875,73.95833333333333,58.5715071059999
Qwen/Qwen2.5-3B-Instruct,keydiff,8192,2000,2.2580687978188507,9.564600142831347,0.5157470703125,70.3125,217.6875,75.5859375,62.53407054199988
Qwen/Qwen2.5-3B-Instruct,random,512,2000,2.153732303529978,8.616959562860703,0.576171875,18.0,0.0,0.0,3.3785282159999497
Qwen/Qwen2.5-3B-Instruct,random,1024,2000,1.8791062338277698,6.547650177984858,0.6162109375,36.0,0.0,0.0,6.870644326000047
Qwen/Qwen2.5-3B-Instruct,random,1536,2000,1.8087242900704343,6.102657243834072,0.6263020833333334,54.0,0.0,0.0,10.474758174000044
Qwen/Qwen2.5-3B-Instruct,random,2048,2000,1.9259375825058669,6.86157894735209,0.58984375,70.3125,1.6875,2.34375,14.219741792999912
Qwen/Qwen2.5-3B-Instruct,random,2560,2000,1.9500020986422897,7.0287023313057695,0.57578125,70.3125,19.6875,21.875,18.07861312099999
Qwen/Qwen2.5-3B-Instruct,random,3072,2000,2.0126690074491003,7.483263603426492,0.5602213541666666,70.3125,37.6875,34.895833333333336,21.929354918999934
Qwen/Qwen2.5-3B-Instruct,random,3584,2000,2.065300915257207,7.887671061142571,0.5477120535714286,70.3125,55.6875,44.19642857142857,25.796494892000055
Qwen/Qwen2.5-3B-Instruct,random,4096,2000,2.1372916562249884,8.476449373993159,0.538818359375,70.3125,73.6875,51.171875,29.684555547999935
Qwen/Qwen2.5-3B-Instruct,random,4608,2000,2.2308190575697355,9.307486325477589,0.5288628472222222,70.3125,91.6875,56.59722222222222,33.567089487999965
Qwen/Qwen2.5-3B-Instruct,random,5120,2000,2.384966970514506,10.858704001591013,0.50625,70.3125,109.6875,60.9375,37.45897720500011
Qwen/Qwen2.5-3B-Instruct,random,5632,2000,2.5410006353631616,12.692365048012626,0.4870383522727273,70.3125,127.6875,64.48863636363636,41.34364901399999
Qwen/Qwen2.5-3B-Instruct,random,6144,2000,2.700394908199087,14.885609013349521,0.4703776041666667,70.3125,145.6875,67.44791666666667,45.224617296999895
Qwen/Qwen2.5-3B-Instruct,random,6656,2000,2.8625833044688287,17.506693691769875,0.45252403846153844,70.3125,163.6875,69.95192307692308,49.12066170200001
Qwen/Qwen2.5-3B-Instruct,random,7168,2000,2.9858877825816825,19.804076148160345,0.4409877232142857,70.3125,181.6875,72.09821428571428,52.99674215499999
Qwen/Qwen2.5-3B-Instruct,random,7680,2000,3.0481660633658367,21.07665570603196,0.4354166666666667,70.3125,199.6875,73.95833333333333,56.88283909699999
Qwen/Qwen2.5-3B-Instruct,random,8192,2000,3.147335182817187,23.273961019138568,0.4246826171875,70.3125,217.6875,75.5859375,60.75508512600004
Qwen/Qwen2.5-3B-Instruct,high_l2,512,2000,2.153732303529978,8.616959562860703,0.576171875,18.0,0.0,0.0,3.4050517099999524
Qwen/Qwen2.5-3B-Instruct,high_l2,1024,2000,1.8791062338277698,6.547650177984858,0.6162109375,36.0,0.0,0.0,6.928880038999978
Qwen/Qwen2.5-3B-Instruct,high_l2,1536,2000,1.8087242900704343,6.102657243834072,0.6263020833333334,54.0,0.0,0.0,10.55700544299998
Qwen/Qwen2.5-3B-Instruct,high_l2,2048,2000,1.942989234579727,6.979583430713021,0.587890625,70.3125,1.6875,2.34375,14.305142072999843
Qwen/Qwen2.5-3B-Instruct,high_l2,2560,2000,2.397022513113916,10.990403831654554,0.5265625,70.3125,19.6875,21.875,18.187333643999864
Qwen/Qwen2.5-3B-Instruct,high_l2,3072,2000,2.7545877426552274,15.714561123983925,0.4860026041666667,70.3125,37.6875,34.895833333333336,22.057858960999965
Qwen/Qwen2.5-3B-Instruct,high_l2,3584,2000,2.9684881806107506,19.46247359817587,0.45786830357142855,70.3125,55.6875,44.19642857142857,25.93226652500016
Qwen/Qwen2.5-3B-Instruct,high_l2,4096,2000,3.237450151122175,25.468697551774216,0.431396484375,70.3125,73.6875,51.171875,29.80862875899993
Qwen/Qwen2.5-3B-Instruct,high_l2,4608,2000,3.4359030975028872,31.05944961491616,0.4134114583333333,70.3125,91.6875,56.59722222222222,33.698766807000084
Qwen/Qwen2.5-3B-Instruct,high_l2,5120,2000,3.578530679922551,35.82086983800849,0.3982421875,70.3125,109.6875,60.9375,37.58743399800005
Qwen/Qwen2.5-3B-Instruct,high_l2,5632,2000,3.688914883119816,40.001417185339776,0.38831676136363635,70.3125,127.6875,64.48863636363636,41.47649387199999
Qwen/Qwen2.5-3B-Instruct,high_l2,6144,2000,3.7834646145347506,43.968110708699584,0.37744140625,70.3125,145.6875,67.44791666666667,45.361082130999876
Qwen/Qwen2.5-3B-Instruct,high_l2,6656,2000,3.906939028762281,49.74644624352707,0.3659855769230769,70.3125,163.6875,69.95192307692308,49.24017545400011
Qwen/Qwen2.5-3B-Instruct,high_l2,7168,2000,4.023454784482185,55.893873937252394,0.357421875,70.3125,181.6875,72.09821428571428,53.13952760700022
Qwen/Qwen2.5-3B-Instruct,high_l2,7680,2000,4.126722253548603,61.97445311191789,0.348828125,70.3125,199.6875,73.95833333333333,57.01750112499985
Qwen/Qwen2.5-3B-Instruct,high_l2,8192,2000,4.2311126526328735,68.79373313475394,0.3409423828125,70.3125,217.6875,75.5859375,60.90437381299989
Qwen/Qwen2.5-3B-Instruct,snapkv,512,2000,2.153732303529978,8.616959562860703,0.576171875,18.0,0.0,0.0,3.4108041389999926
Qwen/Qwen2.5-3B-Instruct,snapkv,1024,2000,1.8791062338277698,6.547650177984858,0.6162109375,36.0,0.0,0.0,6.935386311000002
Qwen/Qwen2.5-3B-Instruct,snapkv,1536,2000,1.8087242900704343,6.102657243834072,0.6263020833333334,54.0,0.0,0.0,10.572070733000146
Qwen/Qwen2.5-3B-Instruct,snapkv,2048,2000,1.9264921366702765,6.865385119798617,0.59033203125,70.3125,1.6875,2.34375,14.450947390999772
Qwen/Qwen2.5-3B-Instruct,snapkv,2560,2000,1.945661280117929,6.998258134195446,0.577734375,70.3125,19.6875,21.875,18.778993705000175
Qwen/Qwen2.5-3B-Instruct,snapkv,3072,2000,1.9969343026168644,7.3664381765515845,0.5638020833333334,70.3125,37.6875,34.895833333333336,23.076263214999926
Qwen/Qwen2.5-3B-Instruct,snapkv,3584,2000,2.0263764191684976,7.586546028841206,0.5524553571428571,70.3125,55.6875,44.19642857142857,27.368229206999786
Qwen/Qwen2.5-3B-Instruct,snapkv,4096,2000,2.059625265537761,7.843030205860784,0.5458984375,70.3125,73.6875,51.171875,31.666181598000094
Qwen/Qwen2.5-3B-Instruct,snapkv,4608,2000,2.11261705091844,8.269855622631368,0.5397135416666666,70.3125,91.6875,56.59722222222222,35.95978325499982
Qwen/Qwen2.5-3B-Instruct,snapkv,5120,2000,2.15613685650751,8.637704429705172,0.5294921875,70.3125,109.6875,60.9375,40.245438740999816
Qwen/Qwen2.5-3B-Instruct,snapkv,5632,2000,2.1565441410480575,8.641223149696698,0.5287642045454546,70.3125,127.6875,64.48863636363636,44.543517458000224
Qwen/Qwen2.5-3B-Instruct,snapkv,6144,2000,2.1629019065294415,8.696337034885936,0.5289713541666666,70.3125,145.6875,67.44791666666667,48.837450634000106
Qwen/Qwen2.5-3B-Instruct,snapkv,6656,2000,2.1866608883182588,8.905427197136502,0.5249399038461539,70.3125,163.6875,69.95192307692308,53.14172217499981
Qwen/Qwen2.5-3B-Instruct,snapkv,7168,2000,2.180274927389941,8.84873868496619,0.5259486607142857,70.3125,181.6875,72.09821428571428,57.46511182099994
Qwen/Qwen2.5-3B-Instruct,snapkv,7680,2000,2.1678288518140714,8.739289136071987,0.528125,70.3125,199.6875,73.95833333333333,61.76464850599996
Qwen/Qwen2.5-3B-Instruct,snapkv,8192,2000,2.177903414121829,8.827778647096093,0.5263671875,70.3125,217.6875,75.5859375,66.08573574399998
